Feature,Importance
Air_Temp,0.40611508
NDBI,0.25959617
NDVI,0.09739184
Dist_Water,0.05670019
Humidity,0.04467607
Elevation,0.022267688
Albedo,0.014327202
LULC_60,0.012922728
LULC_20,0.012094644
LULC_40,0.010758876
LULC_10,0.010752919
Lat,0.010217995
Lon,0.009869579
Wind_Speed,0.009303941
LULC_50,0.008966435
LULC_80,0.007885494
LULC_30,0.0061531872
