Feature,Importance
Air_Temp,0.36394915
NDBI,0.28743207
NDVI,0.10902802
Dist_Water,0.060148794
Humidity,0.04641204
Elevation,0.023018412
Albedo,0.014463851
Lat,0.01091792
LULC_50,0.010654774
LULC_80,0.010436689
Wind_Speed,0.010396705
LULC_60,0.010082308
Lon,0.0096057765
LULC_10,0.008816138
LULC_30,0.008529537
LULC_20,0.0083592925
LULC_40,0.007748419
