Feature,Importance
Air_Temp,0.35138166
NDBI,0.2856024
NDVI,0.11040327
Dist_Water,0.062479958
Humidity,0.053400144
Elevation,0.02573984
Albedo,0.01423313
LULC_40,0.011539478
Wind_Speed,0.01027738
LULC_10,0.010100426
Lon,0.010041532
LULC_60,0.009601433
LULC_80,0.009481631
LULC_20,0.00942684
LULC_30,0.009130124
Lat,0.009088208
LULC_50,0.0080724945
